id;reference;text;canonical;created_at;updated_at
ea168130-b276-4622-991b-52c8212b2473;Psalm 19:7-11;"The law of the LORD is perfect, reviving the soul; the testimony of the LORD is sure, making wise the simple; the precepts of the LORD are right, rejoicing the heart; the commandment of the LORD is pure, enlightening the eyes; the fear of the LORD is clean, enduring forever; the rules of the LORD are true, and righteous altogether. More to be desired are they than gold, even much fine gold; sweeter also than honey and drippings of the honeycomb. Moreover, by them is your servant warned; in keeping them there is great reward.";Psalm 19:7–11;2026-01-03 17:25:10.335916+00;2026-01-03 17:25:10.25+00
53052619-3681-4e15-b426-44816d976c91;Psalm 119:89;Lamedh Forever, O LORD, your word is firmly fixed in the heavens.;Psalm 119:89;2026-01-03 17:25:11.29235+00;2026-01-03 17:25:11.191+00
1eb75bc8-d1d9-4f1a-adb5-938714d4b8a9;John 4:24;God is spirit, and those who worship him must worship in spirit and truth.”;John 4:24;2026-01-03 17:25:11.316349+00;2026-01-03 17:25:11.232+00
f6ee0982-a98b-4232-acc9-437318f797bd;Ephesians 4:30;And do not grieve the Holy Spirit of God, by whom you were sealed for the day of redemption.;Ephesians 4:30;2026-01-03 17:25:12.258574+00;2026-01-03 17:25:12.173+00
8380883c-77c6-4c25-a522-e06fbac4e318;John 10:35;If he called them gods to whom the word of God came—and Scripture cannot be broken—;John 10:35;2026-01-03 17:25:12.341966+00;2026-01-03 17:25:12.256+00
da2dda0b-9599-4de1-a29a-83fe4db3d78a;2 Timothy 3:16;All Scripture is breathed out by God and profitable for teaching, for reproof, for correction, and for training in righteousness,;2 Timothy 3:16;2026-01-03 17:25:13.430416+00;2026-01-03 17:25:13.339+00
91b47135-2428-4dbc-b7dc-84222e1fda3a;2 Peter 1:16-21;For we did not follow cleverly devised myths when we made known to you the power and coming of our Lord Jesus Christ, but we were eyewitnesses of his majesty. For when he received honor and glory from God the Father, and the voice was borne to him by the Majestic Glory, “This is my beloved Son, with whom I am well pleased,” we ourselves heard this very voice borne from heaven, for we were with him on the holy mountain. And we have the prophetic word more fully confirmed, to which you will do well to pay attention as to a lamp shining in a dark place, until the day dawns and the morning star rises in your hearts, knowing this first of all, that no prophecy of Scripture comes from someone’s own interpretation. For no prophecy was ever produced by the will of man, but men spoke from God as they were carried along by the Holy Spirit.;2 Peter 1:16–21;2026-01-03 17:25:14.225336+00;2026-01-03 17:25:14.125+00
8a1c27ef-3d15-4857-bd5a-50de004fe393;2 Samuel 22:3;"my God, my rock, in whom I take refuge, my shield, and the horn of my salvation, my stronghold and my refuge, my savior; you save me from violence.";2 Samuel 22:3;2026-01-03 17:25:14.379778+00;2026-01-03 17:25:14.287+00
734f98f4-7834-4fe4-9e87-5ae9c2365df6;Exodus 6:3;I appeared to Abraham, to Isaac, and to Jacob, as God Almighty, but by my name the LORD I did not make myself known to them.;Exodus 6:3;2026-01-03 17:25:15.077001+00;2026-01-03 17:25:14.985+00
251143ee-8745-4690-80a2-de14ff83ba3c;John 1:14;And the Word became flesh and dwelt among us, and we have seen his glory, glory as of the only Son from the Father, full of grace and truth.;John 1:14;2026-01-03 17:25:15.250305+00;2026-01-03 17:25:15.161+00
f6f19210-f495-4074-b946-ee644d9f99c2;Deuteronomy 6:4;“Hear, O Israel: The LORD our God, the LORD is one.;Deuteronomy 6:4;2026-01-03 17:25:16.183435+00;2026-01-03 17:25:16.107+00
56d8b8bf-5473-4854-bd8d-2ba449858397;John 3:16;“For God so loved the world, that he gave his only Son, that whoever believes in him should not perish but have eternal life.;John 3:16;2026-01-03 17:25:16.242612+00;2026-01-03 17:25:16.143+00
e1af24b7-c33e-4e36-abb9-5fbad6b1b86c;John 1:1;In the beginning was the Word, and the Word was with God, and the Word was God.;John 1:1;2026-01-03 17:25:17.085018+00;2026-01-03 17:25:16.992+00
d3bf870d-72da-46cc-b109-38bdb9ba2ceb;Romans 12:1-2;I appeal to you therefore, brothers, by the mercies of God, to present your bodies as a living sacrifice, holy and acceptable to God, which is your spiritual worship. Do not be conformed to this world, but be transformed by the renewal of your mind, that by testing you may discern what is the will of God, what is good and acceptable and perfect.;Romans 12:1–2;2026-01-03 17:25:19.75632+00;2026-01-03 17:25:19.669+00
a9ce8584-860b-4489-9123-8f3fb8f74c4b;Isaiah 7:14;Therefore the Lord himself will give you a sign. Behold, the virgin shall conceive and bear a son, and shall call his name Immanuel.;Isaiah 7:14;2026-01-03 17:25:20.800038+00;2026-01-03 17:25:20.714+00
b3925dca-16e2-4952-9f4d-6b18cfd98079;2 Corinthians 13:14;The grace of the Lord Jesus Christ and the love of God and the fellowship of the Holy Spirit be with you all.;2 Corinthians 13:14;2026-01-03 17:25:21.576061+00;2026-01-03 17:25:21.488+00
af5b06e1-1121-467a-9889-a6a76de4f686;Matthew 1:16-25;and Jacob the father of Joseph the husband of Mary, of whom Jesus was born, who is called Christ. So all the generations from Abraham to David were fourteen generations, and from David to the deportation to Babylon fourteen generations, and from the deportation to Babylon to the Christ fourteen generations. Now the birth of Jesus Christ took place in this way. When his mother Mary had been betrothed to Joseph, before they came together she was found to be with child from the Holy Spirit. And her husband Joseph, being a just man and unwilling to put her to shame, resolved to divorce her quietly. But as he considered these things, behold, an angel of the Lord appeared to him in a dream, saying, “Joseph, son of David, do not fear to take Mary as your wife, for that which is conceived in her is from the Holy Spirit. She will bear a son, and you shall call his name Jesus, for he will save his people from their sins.” All this took place to fulfill what the Lord had spoken by the prophet: “Behold, the virgin shall conceive and bear a son, and they shall call his name Immanuel” (which means, God with us). When Joseph woke from sleep, he did as the angel of the Lord commanded him: he took his wife, but knew her not until she had given birth to a son. And he called his name Jesus.;Matthew 1:16–25;2026-01-03 17:25:21.986385+00;2026-01-03 17:25:21.895+00
e06ad162-0413-4e88-9324-0c5f688c17ca;Philippians 2:5-7;Have this mind among yourselves, which is yours in Christ Jesus, who, though he was in the form of God, did not count equality with God a thing to be grasped, but emptied himself, by taking the form of a servant, being born in the likeness of men.;Philippians 2:5–7;2026-01-03 17:25:22.890631+00;2026-01-03 17:25:22.801+00
1eb51efe-44bf-472a-bc8c-f5b82a9c35a1;Colossians 1:15-16;He is the image of the invisible God, the firstborn of all creation. For by him all things were created, in heaven and on earth, visible and invisible, whether thrones or dominions or rulers or authorities—all things were created through him and for him.;Colossians 1:15–16;2026-01-03 17:25:23.072959+00;2026-01-03 17:25:22.988+00
bef9e938-7498-4145-925f-4a7d8750608a;Hebrews 4:14-15;Since then we have a great high priest who has passed through the heavens, Jesus, the Son of God, let us hold fast our confession. For we do not have a high priest who is unable to sympathize with our weaknesses, but one who in every respect has been tempted as we are, yet without sin.;Hebrews 4:14–15;2026-01-03 17:25:23.84484+00;2026-01-03 17:25:23.763+00
b0914eb1-82a5-457b-9188-9e81fd438e97;Psalm 8:4;what is man that you are mindful of him, and the son of man that you care for him?;Psalm 8:4;2026-01-03 17:25:25.591383+00;2026-01-03 17:25:25.5+00
7863d63d-23ce-45ad-81d7-48a1505e36bd;John 3:3-5;Jesus answered him, “Truly, truly, I say to you, unless one is born again he cannot see the kingdom of God.” Nicodemus said to him, “How can a man be born when he is old? Can he enter a second time into his mother’s womb and be born?” Jesus answered, “Truly, truly, I say to you, unless one is born of water and the Spirit, he cannot enter the kingdom of God.;John 3:3–5;2026-01-03 17:25:26.55676+00;2026-01-03 17:25:26.476+00
23a0cc9f-7b81-489b-b709-e7d484d4c356;John 1:1-14;In the beginning was the Word, and the Word was with God, and the Word was God. He was in the beginning with God. All things were made through him, and without him was not any thing made that was made. In him was life, and the life was the light of men. The light shines in the darkness, and the darkness has not overcome it. There was a man sent from God, whose name was John. He came as a witness, to bear witness about the light, that all might believe through him. He was not the light, but came to bear witness about the light. The true light, which gives light to everyone, was coming into the world. He was in the world, and the world was made through him, yet the world did not know him. He came to his own, and his own people did not receive him. But to all who did receive him, who believed in his name, he gave the right to become children of God, who were born, not of blood nor of the will of the flesh nor of the will of man, but of God. And the Word became flesh and dwelt among us, and we have seen his glory, glory as of the only Son from the Father, full of grace and truth.;John 1:1–14;2026-01-03 17:25:24.78218+00;2026-01-03 17:25:24.699+00
3359f189-1fda-44bd-b205-c62f99b6541f;1 Thessalonians 4:13-18;But we do not want you to be uninformed, brothers, about those who are asleep, that you may not grieve as others do who have no hope. For since we believe that Jesus died and rose again, even so, through Jesus, God will bring with him those who have fallen asleep. For this we declare to you by a word from the Lord, that we who are alive, who are left until the coming of the Lord, will not precede those who have fallen asleep. For the Lord himself will descend from heaven with a cry of command, with the voice of an archangel, and with the sound of the trumpet of God. And the dead in Christ will rise first. Then we who are alive, who are left, will be caught up together with them in the clouds to meet the Lord in the air, and so we will always be with the Lord. Therefore encourage one another with these words.;1 Thessalonians 4:13–18;2026-01-03 17:25:25.641353+00;2026-01-03 17:25:25.549+00
712ce4bb-5dbc-4b43-be50-5c62c9f89420;John 14:16;And I will ask the Father, and he will give you another Helper, to be with you forever,;John 14:16;2026-01-03 17:25:27.54468+00;2026-01-03 17:25:27.457+00
c8051ae1-7ba7-493c-b0ee-605b8acc61d4;John 16:7-13;"Nevertheless, I tell you the truth: it is to your advantage that I go away, for if I do not go away, the Helper will not come to you. But if I go, I will send him to you. And when he comes, he will convict the world concerning sin and righteousness and judgment: concerning sin, because they do not believe in me; concerning righteousness, because I go to the Father, and you will see me no longer; concerning judgment, because the ruler of this world is judged. “I still have many things to say to you, but you cannot bear them now. When the Spirit of truth comes, he will guide you into all the truth, for he will not speak on his own authority, but whatever he hears he will speak, and he will declare to you the things that are to come.";John 16:7–13;2026-01-03 17:25:28.516561+00;2026-01-03 17:25:28.433+00
120e06f6-6673-4f27-a8c5-802499047c71;Acts 1:8;But you will receive power when the Holy Spirit has come upon you, and you will be my witnesses in Jerusalem and in all Judea and Samaria, and to the end of the earth.”;Acts 1:8;2026-01-03 17:25:29.386171+00;2026-01-03 17:25:29.295+00
1daa5284-e556-48b3-83c1-e53269ad20ad;1 Corinthians 6:19;Or do you not know that your body is a temple of the Holy Spirit within you, whom you have from God? You are not your own,;1 Corinthians 6:19;2026-01-03 17:25:30.348296+00;2026-01-03 17:25:30.254+00
b44cb50b-9a51-40bb-9ea4-8074e8de5f39;Ephesians 5:18;And do not get drunk with wine, for that is debauchery, but be filled with the Spirit,;Ephesians 5:18;2026-01-03 17:25:37.194625+00;2026-01-03 17:25:37.106+00
a714afce-9626-45aa-86d5-158064818214;2 Peter 1:20-21;knowing this first of all, that no prophecy of Scripture comes from someone’s own interpretation. For no prophecy was ever produced by the will of man, but men spoke from God as they were carried along by the Holy Spirit.;2 Peter 1:20–21;2026-01-03 17:25:38.137772+00;2026-01-03 17:25:38.058+00
0d0f8c46-3f8d-45d9-bee5-5ebc25e3e5b8;Genesis 1:1-2;In the beginning, God created the heavens and the earth. The earth was without form and void, and darkness was over the face of the deep. And the Spirit of God was hovering over the face of the waters.;Genesis 1:1–2;2026-01-03 17:25:38.987885+00;2026-01-03 17:25:38.9+00
081ec620-bbff-4c63-aca6-31be9e0ee8dd;John 8:44;You are of your father the devil, and your will is to do your father’s desires. He was a murderer from the beginning, and does not stand in the truth, because there is no truth in him. When he lies, he speaks out of his own character, for he is a liar and the father of lies.;John 8:44;2026-01-03 17:25:41.922815+00;2026-01-03 17:25:41.835+00
2cf89041-1b0b-4adc-aebd-7683bd5df4dc;Matthew 4:1-11;Then Jesus was led up by the Spirit into the wilderness to be tempted by the devil. And after fasting forty days and forty nights, he was hungry. And the tempter came and said to him, “If you are the Son of God, command these stones to become loaves of bread.” But he answered, “It is written, “‘Man shall not live by bread alone, but by every word that comes from the mouth of God.’” Then the devil took him to the holy city and set him on the pinnacle of the temple and said to him, “If you are the Son of God, throw yourself down, for it is written, “‘He will command his angels concerning you,’ and “‘On their hands they will bear you up, lest you strike your foot against a stone.’” Jesus said to him, “Again it is written, ‘You shall not put the Lord your God to the test.’” Again, the devil took him to a very high mountain and showed him all the kingdoms of the world and their glory. And he said to him, “All these I will give you, if you will fall down and worship me.” Then Jesus said to him, “Be gone, Satan! For it is written, “‘You shall worship the Lord your God and him only shall you serve.’” Then the devil left him, and behold, angels came and were ministering to him.;Matthew 4:1–11;2026-01-03 17:25:42.467738+00;2026-01-03 17:25:42.365+00
7ed75d19-8c4d-4369-b4d7-4b04d5eb58d9;Genesis 1:26-27;"Then God said, “Let us make man in our image, after our likeness. And let them have dominion over the fish of the sea and over the birds of the heavens and over the livestock and over all the earth and over every creeping thing that creeps on the earth.” So God created man in his own image, in the image of God he created him; male and female he created them.";Genesis 1:26–27;2026-01-03 17:25:42.870243+00;2026-01-03 17:25:42.783+00
4d0d95d0-818a-4ae9-9ef8-3cb45d419d60;Ephesians 4:22-32;"to put off your old self, which belongs to your former manner of life and is corrupt through deceitful desires, and to be renewed in the spirit of your minds, and to put on the new self, created after the likeness of God in true righteousness and holiness. Therefore, having put away falsehood, let each one of you speak the truth with his neighbor, for we are members one of another. Be angry and do not sin; do not let the sun go down on your anger, and give no opportunity to the devil. Let the thief no longer steal, but rather let him labor, doing honest work with his own hands, so that he may have something to share with anyone in need. Let no corrupting talk come out of your mouths, but only such as is good for building up, as fits the occasion, that it may give grace to those who hear. And do not grieve the Holy Spirit of God, by whom you were sealed for the day of redemption. Let all bitterness and wrath and anger and clamor and slander be put away from you, along with all malice. Be kind to one another, tenderhearted, forgiving one another, as God in Christ forgave you.";Ephesians 4:22–32;2026-01-03 17:26:50.860723+00;2026-01-03 17:26:51.020397+00
f35678f9-8ddd-4d99-82ed-e5788bba14f8;1 John 2:1;My little children, I am writing these things to you so that you may not sin. But if anyone does sin, we have an advocate with the Father, Jesus Christ the righteous.;1 John 2:1;2026-01-03 17:26:52.80583+00;2026-01-03 17:26:52.713+00
996969a7-282b-43e5-a0b0-ff6a9aa5f401;Ephesians 1:13-14;In him you also, when you heard the word of truth, the gospel of your salvation, and believed in him, were sealed with the promised Holy Spirit, who is the guarantee of our inheritance until we acquire possession of it, to the praise of his glory.;Ephesians 1:13–14;2026-01-03 17:25:31.380655+00;2026-01-03 17:25:31.06+00
6d29628a-f0fc-48e7-a878-9f708cdcd5d7;John 1:1-3;In the beginning was the Word, and the Word was with God, and the Word was God. He was in the beginning with God. All things were made through him, and without him was not any thing made that was made.;John 1:1–3;2026-01-03 17:25:39.883803+00;2026-01-03 17:25:39.797+00
f811bf6a-873a-40ab-9210-5ecaa100fd5e;Genesis 3:1-5;Now the serpent was more crafty than any other beast of the field that the LORD God had made. He said to the woman, “Did God actually say, ‘You shall not eat of any tree in the garden’?” And the woman said to the serpent, “We may eat of the fruit of the trees in the garden, but God said, ‘You shall not eat of the fruit of the tree that is in the midst of the garden, neither shall you touch it, lest you die.’” But the serpent said to the woman, “You will not surely die. For God knows that when you eat of it your eyes will be opened, and you will be like God, knowing good and evil.”;Genesis 3:1–5;2026-01-03 17:25:41.119798+00;2026-01-03 17:25:41.019+00
1107aded-16e5-485c-a4e1-422e1271ac28;Romans 6:23;For the wages of sin is death, but the free gift of God is eternal life in Christ Jesus our Lord.;Romans 6:23;2026-01-03 17:25:45.706082+00;2026-01-03 17:25:45.554+00
ed22fb0e-55d3-4ed1-86f0-c090a7bcbf5a;John 3:16-18;“For God so loved the world, that he gave his only Son, that whoever believes in him should not perish but have eternal life. For God did not send his Son into the world to condemn the world, but in order that the world might be saved through him. Whoever believes in him is not condemned, but whoever does not believe is condemned already, because he has not believed in the name of the only Son of God.;John 3:16–18;2026-01-03 17:25:46.665871+00;2026-01-03 17:25:46.79063+00
2551dd1f-21f1-4f0e-9082-df0d1c7fdfdb;Acts 16:31;And they said, “Believe in the Lord Jesus, and you will be saved, you and your household.”;Acts 16:31;2026-01-03 17:25:47.593878+00;2026-01-03 17:25:47.766666+00
60935961-9ce3-4f53-8829-6485b42f6038;Revelation 21:8;But as for the cowardly, the faithless, the detestable, as for murderers, the sexually immoral, sorcerers, idolaters, and all liars, their portion will be in the lake that burns with fire and sulfur, which is the second death.”;Revelation 21:8;2026-01-03 17:25:50.232019+00;2026-01-03 17:25:50.146+00
69abffdf-44cb-47e0-92f4-b95f064f36e8;Galatians 5:13;For you were called to freedom, brothers. Only do not use your freedom as an opportunity for the flesh, but through love serve one another.;Galatians 5:13;2026-01-03 17:25:51.918862+00;2026-01-03 17:25:51.823+00
dbc9418b-23c3-42ff-944e-216604803078;Titus 2:11-15;"For the grace of God has appeared, bringing salvation for all people, training us to renounce ungodliness and worldly passions, and to live self-controlled, upright, and godly lives in the present age, waiting for our blessed hope, the appearing of the glory of our great God and Savior Jesus Christ, who gave himself for us to redeem us from all lawlessness and to purify for himself a people for his own possession who are zealous for good works. Declare these things; exhort and rebuke with all authority. Let no one disregard you.";Titus 2:11–15;2026-01-03 17:25:52.817589+00;2026-01-03 17:25:52.875894+00
88690e3b-02d5-4c6c-b971-3a1001c60ad7;Romans 8:35-39;"Who shall separate us from the love of Christ? Shall tribulation, or distress, or persecution, or famine, or nakedness, or danger, or sword? As it is written, “For your sake we are being killed all the day long; we are regarded as sheep to be slaughtered.” No, in all these things we are more than conquerors through him who loved us. For I am sure that neither death nor life, nor angels nor rulers, nor things present nor things to come, nor powers, nor height nor depth, nor anything else in all creation, will be able to separate us from the love of God in Christ Jesus our Lord.";Romans 8:35–39;2026-01-03 17:25:53.629585+00;2026-01-03 17:25:53.538+00
73ef875c-4439-400f-9649-e60f80334172;1 Peter 1:5;who by God’s power are being guarded through faith for a salvation ready to be revealed in the last time.;1 Peter 1:5;2026-01-03 17:25:54.632846+00;2026-01-03 17:25:54.543+00
3270839b-6bc9-453e-b657-f05c92b3b5ac;Revelation 20:1-10;"Then I saw an angel coming down from heaven, holding in his hand the key to the bottomless pit and a great chain. And he seized the dragon, that ancient serpent, who is the devil and Satan, and bound him for a thousand years, and threw him into the pit, and shut it and sealed it over him, so that he might not deceive the nations any longer, until the thousand years were ended. After that he must be released for a little while. Then I saw thrones, and seated on them were those to whom the authority to judge was committed. Also I saw the souls of those who had been beheaded for the testimony of Jesus and for the word of God, and those who had not worshiped the beast or its image and had not received its mark on their foreheads or their hands. They came to life and reigned with Christ for a thousand years. The rest of the dead did not come to life until the thousand years were ended. This is the first resurrection. Blessed and holy is the one who shares in the first resurrection! Over such the second death has no power, but they will be priests of God and of Christ, and they will reign with him for a thousand years. And when the thousand years are ended, Satan will be released from his prison and will come out to deceive the nations that are at the four corners of the earth, Gog and Magog, to gather them for battle; their number is like the sand of the sea. And they marched up over the broad plain of the earth and surrounded the camp of the saints and the beloved city, but fire came down from heaven and consumed them, and the devil who had deceived them was thrown into the lake of fire and sulfur where the beast and the false prophet were, and they will be tormented day and night forever and ever.";Revelation 20:1–10;2026-01-03 17:25:43.388266+00;2026-01-03 17:25:43.288+00
32804f6e-22fd-4dde-beb6-3387669c007f;Psalm 51:5;Behold, I was brought forth in iniquity, and in sin did my mother conceive me.;Psalm 51:5;2026-01-03 17:25:43.89451+00;2026-01-03 17:25:43.788+00
f4caca74-ebe3-412c-bb1c-f3a107ec17a1;Romans 3:10-23;"as it is written: “None is righteous, no, not one; no one understands; no one seeks for God. All have turned aside; together they have become worthless; no one does good, not even one.” “Their throat is an open grave; they use their tongues to deceive.” “The venom of asps is under their lips.” “Their mouth is full of curses and bitterness.” “Their feet are swift to shed blood; in their paths are ruin and misery, and the way of peace they have not known.” “There is no fear of God before their eyes.” Now we know that whatever the law says it speaks to those who are under the law, so that every mouth may be stopped, and the whole world may be held accountable to God. For by works of the law no human being will be justified in his sight, since through the law comes knowledge of sin. But now the righteousness of God has been manifested apart from the law, although the Law and the Prophets bear witness to it—the righteousness of God through faith in Jesus Christ for all who believe. For there is no distinction: for all have sinned and fall short of the glory of God,";Romans 3:10–23;2026-01-03 17:25:44.840425+00;2026-01-03 17:25:44.736+00
f521e0a2-3391-4831-9506-c0139de4fbad;Romans 5:12;Therefore, just as sin came into the world through one man, and death through sin, and so death spread to all men because all sinned—;Romans 5:12;2026-01-03 17:25:45.773747+00;2026-01-03 17:25:45.687+00
6f7974d4-bb63-433e-a5e0-c1fe7ed0c3e5;Romans 10:9-10;because, if you confess with your mouth that Jesus is Lord and believe in your heart that God raised him from the dead, you will be saved. For with the heart one believes and is justified, and with the mouth one confesses and is saved.;Romans 10:9–10;2026-01-03 17:25:48.405169+00;2026-01-03 17:25:48.304+00
07b28d90-2529-47aa-885d-9591af742f0c;Ephesians 2:8-9;"For by grace you have been saved through faith. And this is not your own doing; it is the gift of God, not a result of works, so that no one may boast.";Ephesians 2:8–9;2026-01-03 17:25:49.336228+00;2026-01-03 17:25:49.572342+00
f8acd8da-e734-478d-909f-0777b145c421;Romans 13:13-14;Let us walk properly as in the daytime, not in orgies and drunkenness, not in sexual immorality and sensuality, not in quarreling and jealousy. But put on the Lord Jesus Christ, and make no provision for the flesh, to gratify its desires.;Romans 13:13–14;2026-01-03 17:25:51.02511+00;2026-01-03 17:25:50.938+00
fd968fc2-0fee-4f0f-bd9f-1dec24696694;John 10:27-30;My sheep hear my voice, and I know them, and they follow me. I give them eternal life, and they will never perish, and no one will snatch them out of my hand. My Father, who has given them to me, is greater than all, and no one is able to snatch them out of the Father’s hand. I and the Father are one.”;John 10:27–30;2026-01-03 17:25:53.743623+00;2026-01-03 17:25:53.649+00
924d5c20-a9d2-4e0b-a4c7-925264dccc7c;Romans 8:12-13;So then, brothers, we are debtors, not to the flesh, to live according to the flesh. For if you live according to the flesh you will die, but if by the Spirit you put to death the deeds of the body, you will live.;Romans 8:12–13;2026-01-03 17:25:55.436053+00;2026-01-03 17:25:55.347+00
9078e151-a32b-4696-8c9d-2330ec1325e1;Galatians 5:16-26;"But I say, walk by the Spirit, and you will not gratify the desires of the flesh. For the desires of the flesh are against the Spirit, and the desires of the Spirit are against the flesh, for these are opposed to each other, to keep you from doing the things you want to do. But if you are led by the Spirit, you are not under the law. Now the works of the flesh are evident: sexual immorality, impurity, sensuality, idolatry, sorcery, enmity, strife, jealousy, fits of anger, rivalries, dissensions, divisions, envy, drunkenness, orgies, and things like these. I warn you, as I warned you before, that those who do such things will not inherit the kingdom of God. But the fruit of the Spirit is love, joy, peace, patience, kindness, goodness, faithfulness, gentleness, self-control; against such things there is no law. And those who belong to Christ Jesus have crucified the flesh with its passions and desires. If we live by the Spirit, let us also keep in step with the Spirit. Let us not become conceited, provoking one another, envying one another.";Galatians 5:16–26;2026-01-03 17:25:56.242219+00;2026-01-03 17:25:56.151+00
bc73e73f-5907-4d39-9def-3673956c1216;John 17:17;"Sanctify them in the truth; your word is truth.";John 17:17;2026-01-03 17:26:49.415643+00;2026-01-03 17:26:49.32+00
b225e579-6543-4697-ba3d-0ca367153681;1 John 1:8-9;If we say we have no sin, we deceive ourselves, and the truth is not in us. If we confess our sins, he is faithful and just to forgive us our sins and to cleanse us from all unrighteousness.;1 John 1:8–9;2026-01-03 17:26:51.908315+00;2026-01-03 17:26:52.038847+00
80042722-0b10-4da1-8329-cc90562ea9bf;1 John 2:15-16;Do not love the world or the things in the world. If anyone loves the world, the love of the Father is not in him. For all that is in the world—the desires of the flesh and the desires of the eyes and pride of life—is not from the Father but is from the world.;1 John 2:15–16;2026-01-03 17:26:53.6871+00;2026-01-03 17:26:53.591+00
7792e9f0-3c45-45a0-a88a-656d0552a2a9;2 John 9-11;Everyone who goes on ahead and does not abide in the teaching of Christ, does not have God. Whoever abides in the teaching has both the Father and the Son. If anyone comes to you and does not bring this teaching, do not receive him into your house or give him any greeting, for whoever greets him takes part in his wicked works.;2 John 9–11;2026-01-03 17:26:54.888868+00;2026-01-03 17:26:54.802+00
a85a854c-99e8-4b88-a0e1-9b5cb28f7073;1 Timothy 3:16;Great indeed, we confess, is the mystery of godliness: He was manifested in the flesh, vindicated by the Spirit, seen by angels, proclaimed among the nations, believed on in the world, taken up in glory.;1 Timothy 3:16;2026-01-03 17:25:13.194631+00;2026-01-08 16:36:42.592446+00
6966c199-f8e5-433f-ba74-df4c9badbaa7;Ephesians 2:19-22;So then you are no longer strangers and aliens, but you are fellow citizens with the saints and members of the household of God, built on the foundation of the apostles and prophets, Christ Jesus himself being the cornerstone, in whom the whole structure, being joined together, grows into a holy temple in the Lord. In him you also are being built together into a dwelling place for God by the Spirit.;Ephesians 2:19–22;2026-01-03 17:26:55.786242+00;2026-01-03 17:26:55.707+00
d87276c3-83e3-4250-b8d4-f2c2cfe1bd02;Colossians 1:18;And he is the head of the body, the church. He is the beginning, the firstborn from the dead, that in everything he might be preeminent.;Colossians 1:18;2026-01-03 17:26:56.773199+00;2026-01-03 17:26:56.689+00
d6c9367f-6772-4559-8e7b-3c108d838740;Matthew 28:18-20;And Jesus came and said to them, “All authority in heaven and on earth has been given to me. Go therefore and make disciples of all nations, baptizing them in the name of the Father and of the Son and of the Holy Spirit, teaching them to observe all that I have commanded you. And behold, I am with you always, to the end of the age.”;Matthew 28:18–20;2026-01-03 17:26:59.937253+00;2026-01-03 17:26:59.851+00
8e3860d7-3e2c-4003-8268-ab4ae2c45ad6;Romans 6:4;We were buried therefore with him by baptism into death, in order that, just as Christ was raised from the dead by the glory of the Father, we too might walk in newness of life.;Romans 6:4;2026-01-03 17:27:00.855114+00;2026-01-03 17:27:00.754+00
ac68ffc8-7672-4c4d-b353-9f7a3f2b166c;Ephesians 5:25-27;Husbands, love your wives, as Christ loved the church and gave himself up for her, that he might sanctify her, having cleansed her by the washing of water with the word, so that he might present the church to himself in splendor, without spot or wrinkle or any such thing, that she might be holy and without blemish.;Ephesians 5:25–27;2026-01-03 17:27:01.059782+00;2026-01-03 17:27:00.972+00
ffd825a4-c155-4414-937f-bb9f75d04d38;1 Corinthians 11:23-26;For I received from the Lord what I also delivered to you, that the Lord Jesus on the night when he was betrayed took bread, and when he had given thanks, he broke it, and said, “This is my body, which is for you. Do this in remembrance of me.” In the same way also he took the cup, after supper, saying, “This cup is the new covenant in my blood. Do this, as often as you drink it, in remembrance of me.” For as often as you eat this bread and drink the cup, you proclaim the Lord’s death until he comes.;1 Corinthians 11:23–26;2026-01-03 17:27:04.11174+00;2026-01-03 17:27:04.023+00
cdf83774-f1b1-49ad-9de6-60fbaa87757f;John 15:7;If you abide in me, and my words abide in you, ask whatever you wish, and it will be done for you.;John 15:7;2026-01-03 17:27:05.871729+00;2026-01-03 17:27:05.988327+00
6f7d895d-37c2-451b-81ee-796d4c835d06;Isaiah 2:1-4;"The word that Isaiah the son of Amoz saw concerning Judah and Jerusalem. It shall come to pass in the latter days that the mountain of the house of the LORD shall be established as the highest of the mountains, and shall be lifted up above the hills; and all the nations shall flow to it, and many peoples shall come, and say: “Come, let us go up to the mountain of the LORD, to the house of the God of Jacob, that he may teach us his ways and that we may walk in his paths.” For out of Zion shall go forth the law, and the word of the LORD from Jerusalem. He shall judge between the nations, and shall decide disputes for many peoples; and they shall beat their swords into plowshares, and their spears into pruning hooks; nation shall not lift up sword against nation, neither shall they learn war anymore.";Isaiah 2:1–4;2026-01-03 17:27:09.958189+00;2026-01-03 17:27:09.859+00
cd29e10b-96b6-4c85-90c5-175aed3f0091;2 Timothy 3:1-7;But understand this, that in the last days there will come times of difficulty. For people will be lovers of self, lovers of money, proud, arrogant, abusive, disobedient to their parents, ungrateful, unholy, heartless, unappeasable, slanderous, without self-control, brutal, not loving good, treacherous, reckless, swollen with conceit, lovers of pleasure rather than lovers of God, having the appearance of godliness, but denying its power. Avoid such people. For among them are those who creep into households and capture weak women, burdened with sins and led astray by various passions, always learning and never able to arrive at a knowledge of the truth.;2 Timothy 3:1–7;2026-01-03 17:27:10.8009+00;2026-01-03 17:27:10.712+00
dff6f0d0-bf57-4e40-bb75-0983900dfe5e;Matthew 24:29-30;“Immediately after the tribulation of those days the sun will be darkened, and the moon will not give its light, and the stars will fall from heaven, and the powers of the heavens will be shaken. Then will appear in heaven the sign of the Son of Man, and then all the tribes of the earth will mourn, and they will see the Son of Man coming on the clouds of heaven with power and great glory.;Matthew 24:29–30;2026-01-03 17:27:12.877043+00;2026-01-03 17:27:12.796+00
3930cca3-e433-45c6-b304-578ca4b312dc;Luke 23:43;And he said to him, “Truly, I say to you, today you will be with me in paradise.”;Luke 23:43;2026-01-03 17:27:14.268761+00;2026-01-03 17:27:14.185+00
09eb8da4-3d8b-4412-a5a7-4de0ebde9bd3;1 Thessalonians 5:9-10;For God has not destined us for wrath, but to obtain salvation through our Lord Jesus Christ, who died for us so that whether we are awake or asleep we might live with him.;1 Thessalonians 5:9–10;2026-01-03 17:27:14.708921+00;2026-01-03 17:27:14.624+00
b0a3f7fe-7b8f-4dde-adb3-8730af271bac;2 Corinthians 5:8;Yes, we are of good courage, and we would rather be away from the body and at home with the Lord.;2 Corinthians 5:8;2026-01-03 17:27:15.241248+00;2026-01-03 17:27:15.151+00
524e3cc1-fa1f-4ed7-8ccf-a2b3aa28157b;Revelation 3:10;Because you have kept my word about patient endurance, I will keep you from the hour of trial that is coming on the whole world, to try those who dwell on the earth.;Revelation 3:10;2026-01-03 17:27:15.579287+00;2026-01-03 17:27:15.499+00
b9b722a8-f18a-4615-bf21-cd4ac4e6f390;Philippians 1:23;I am hard pressed between the two. My desire is to depart and be with Christ, for that is far better.;Philippians 1:23;2026-01-03 17:27:16.078679+00;2026-01-03 17:27:15.993+00
fcaa1692-6796-4f10-8180-ad69b0343fae;Philippians 3:21;who will transform our lowly body to be like his glorious body, by the power that enables him even to subject all things to himself.;Philippians 3:21;2026-01-03 17:27:17.215792+00;2026-01-03 17:27:17.129+00
a1fc8697-1c0b-46ea-bd36-7cbe6d1a025a;Matthew 25:41-46;“Then he will say to those on his left, ‘Depart from me, you cursed, into the eternal fire prepared for the devil and his angels. For I was hungry and you gave me no food, I was thirsty and you gave me no drink, I was a stranger and you did not welcome me, naked and you did not clothe me, sick and in prison and you did not visit me.’ Then they also will answer, saying, ‘Lord, when did we see you hungry or thirsty or a stranger or naked or sick or in prison, and did not minister to you?’ Then he will answer them, saying, ‘Truly, I say to you, as you did not do it to one of the least of these, you did not do it to me.’ And these will go away into eternal punishment, but the righteous into eternal life.”;Matthew 25:41–46;2026-01-03 17:27:19.168742+00;2026-01-03 17:27:19.075+00
02ea4128-ee3d-4f86-990e-cb3f0cba5adc;2 Corinthians 6:14-18;"Do not be unequally yoked with unbelievers. For what partnership has righteousness with lawlessness? Or what fellowship has light with darkness? What accord has Christ with Belial? Or what portion does a believer share with an unbeliever? What agreement has the temple of God with idols? For we are the temple of the living God; as God said, “I will make my dwelling among them and walk among them, and I will be their God, and they shall be my people. Therefore go out from their midst, and be separate from them, says the Lord, and touch no unclean thing; then I will welcome you, and I will be a father to you, and you shall be sons and daughters to me, says the Lord Almighty.”";2 Corinthians 6:14–18;2026-01-03 17:26:55.892874+00;2026-01-03 17:26:55.805+00
340fd031-6613-4cbd-bbda-84a8dc5d70fa;Matthew 26:26-30;"Now as they were eating, Jesus took bread, and after blessing it broke it and gave it to the disciples, and said, “Take, eat; this is my body.” And he took a cup, and when he had given thanks he gave it to them, saying, “Drink of it, all of you, for this is my blood of the covenant, which is poured out for many for the forgiveness of sins. I tell you I will not drink again of this fruit of the vine until that day when I drink it new with you in my Father’s kingdom.” And when they had sung a hymn, they went out to the Mount of Olives.";Matthew 26:26–30;2026-01-03 17:26:58.253348+00;2026-01-03 17:26:58.162+00
fd271b3e-4a14-4335-b6f9-44906201aec4;1 Corinthians 10:16-21;The cup of blessing that we bless, is it not a participation in the blood of Christ? The bread that we break, is it not a participation in the body of Christ? Because there is one bread, we who are many are one body, for we all partake of the one bread. Consider the people of Israel: are not those who eat the sacrifices participants in the altar? What do I imply then? That food offered to idols is anything, or that an idol is anything? No, I imply that what pagans sacrifice they offer to demons and not to God. I do not want you to be participants with demons. You cannot drink the cup of the Lord and the cup of demons. You cannot partake of the table of the Lord and the table of demons.;1 Corinthians 10:16–21;2026-01-03 17:27:02.824611+00;2026-01-03 17:27:02.741+00
ab358902-2984-4ac5-9af5-e9a542b59f28;Hebrews 2:2-4;For since the message declared by angels proved to be reliable, and every transgression or disobedience received a just retribution, how shall we escape if we neglect such a great salvation? It was declared at first by the Lord, and it was attested to us by those who heard, while God also bore witness by signs and wonders and various miracles and by gifts of the Holy Spirit distributed according to his will.;Hebrews 2:2–4;2026-01-03 17:27:07.020772+00;2026-01-03 17:27:06.931+00
6607e5a9-31be-4dca-89a5-78d76be43fab;1 John 5:14-15;And this is the confidence that we have toward him, that if we ask anything according to his will he hears us. And if we know that he hears us in whatever we ask, we know that we have the requests that we have asked of him.;1 John 5:14–15;2026-01-03 17:27:08.797664+00;2026-01-03 17:27:08.830658+00
1893bc01-24bd-45a4-ab7b-39c9e2480be8;Isaiah 65:17-25;"“For behold, I create new heavens and a new earth, and the former things shall not be remembered or come into mind. But be glad and rejoice forever in that which I create; for behold, I create Jerusalem to be a joy, and her people to be a gladness. I will rejoice in Jerusalem and be glad in my people; no more shall be heard in it the sound of weeping and the cry of distress. No more shall there be in it an infant who lives but a few days, or an old man who does not fill out his days, for the young man shall die a hundred years old, and the sinner a hundred years old shall be accursed. They shall build houses and inhabit them; they shall plant vineyards and eat their fruit. They shall not build and another inhabit; they shall not plant and another eat; for like the days of a tree shall the days of my people be, and my chosen shall long enjoy the work of their hands. They shall not labor in vain or bear children for calamity, for they shall be the offspring of the blessed of the LORD, and their descendants with them. Before they call I will answer; while they are yet speaking I will hear. The wolf and the lamb shall graze together; the lion shall eat straw like the ox, and dust shall be the serpent’s food. They shall not hurt or destroy in all my holy mountain,” says the LORD.";Isaiah 65:17–25;2026-01-03 17:27:09.810489+00;2026-01-03 17:27:09.722+00
6acbbe43-15e6-4e7b-9bcc-b6a18754d57c;Revelation 20:11-15;Then I saw a great white throne and him who was seated on it. From his presence earth and sky fled away, and no place was found for them. And I saw the dead, great and small, standing before the throne, and books were opened. Then another book was opened, which is the book of life. And the dead were judged by what was written in the books, according to what they had done. And the sea gave up the dead who were in it, Death and Hades gave up the dead who were in them, and they were judged, each one of them, according to what they had done. Then Death and Hades were thrown into the lake of fire. This is the second death, the lake of fire. And if anyone’s name was not found written in the book of life, he was thrown into the lake of fire.;Revelation 20:11–15;2026-01-03 17:27:11.835758+00;2026-01-03 17:27:11.756+00
c72aecc9-c5dd-4307-8688-bfeaef427d12;Revelation 20:4-6;Then I saw thrones, and seated on them were those to whom the authority to judge was committed. Also I saw the souls of those who had been beheaded for the testimony of Jesus and for the word of God, and those who had not worshiped the beast or its image and had not received its mark on their foreheads or their hands. They came to life and reigned with Christ for a thousand years. The rest of the dead did not come to life until the thousand years were ended. This is the first resurrection. Blessed and holy is the one who shares in the first resurrection! Over such the second death has no power, but they will be priests of God and of Christ, and they will reign with him for a thousand years.;Revelation 20:4–6;2026-01-03 17:27:18.354576+00;2026-01-03 17:27:18.268+00
2f114563-7a4e-4b22-8bf0-896b6f42adde;Luke 16:19-26;"“There was a rich man who was clothed in purple and fine linen and who feasted sumptuously every day. And at his gate was laid a poor man named Lazarus, covered with sores, who desired to be fed with what fell from the rich man’s table. Moreover, even the dogs came and licked his sores. The poor man died and was carried by the angels to Abraham’s side. The rich man also died and was buried, and in Hades, being in torment, he lifted up his eyes and saw Abraham far off and Lazarus at his side. And he called out, ‘Father Abraham, have mercy on me, and send Lazarus to dip the end of his finger in water and cool my tongue, for I am in anguish in this flame.’ But Abraham said, ‘Child, remember that you in your lifetime received your good things, and Lazarus in like manner bad things; but now he is comforted here, and you are in anguish. And besides all this, between us and you a great chasm has been fixed, in order that those who would pass from here to you may not be able, and none may cross from there to us.’";Luke 16:19–26;2026-01-03 17:27:20.213334+00;2026-01-03 17:27:20.314918+00
1b58e4c5-2b65-465e-907f-465626e4c08c;1 Corinthians 15:20-26;But in fact Christ has been raised from the dead, the firstfruits of those who have fallen asleep. For as by a man came death, by a man has come also the resurrection of the dead. For as in Adam all die, so also in Christ shall all be made alive. But each in his own order: Christ the firstfruits, then at his coming those who belong to Christ. Then comes the end, when he delivers the kingdom to God the Father after destroying every rule and every authority and power. For he must reign until he has put all his enemies under his feet. The last enemy to be destroyed is death.;1 Corinthians 15:20–26;2026-01-03 17:27:21.260313+00;2026-01-03 17:27:21.305249+00
cbfed56c-eb25-403a-9148-c5e3007add6f;2 Thessalonians 1:7-9;and to grant relief to you who are afflicted as well as to us, when the Lord Jesus is revealed from heaven with his mighty angels in flaming fire, inflicting vengeance on those who do not know God and on those who do not obey the gospel of our Lord Jesus. They will suffer the punishment of eternal destruction, away from the presence of the Lord and from the glory of his might,;2 Thessalonians 1:7–9;2026-01-03 17:27:22.077612+00;2026-01-03 17:27:22.225465+00
e504466e-a7c5-439f-9eff-6619611e79d9;Jude 6-7;And the angels who did not stay within their own position of authority, but left their proper dwelling, he has kept in eternal chains under gloomy darkness until the judgment of the great day—just as Sodom and Gomorrah and the surrounding cities, which likewise indulged in sexual immorality and pursued unnatural desire, serve as an example by undergoing a punishment of eternal fire.;Jude 6–7;2026-01-03 17:27:23.108087+00;2026-01-03 17:27:23.025+00
fc748552-bf89-4f5f-9782-bc476ba54f56;Matthew 25:46;And these will go away into eternal punishment, but the righteous into eternal life.”;Matthew 25:46;2026-01-03 17:27:23.794281+00;2026-01-03 17:27:23.714+00
d9dd12f2-3ff4-42f4-9e22-7a33808fcd93;Luke 16:19-31;"“There was a rich man who was clothed in purple and fine linen and who feasted sumptuously every day. And at his gate was laid a poor man named Lazarus, covered with sores, who desired to be fed with what fell from the rich man’s table. Moreover, even the dogs came and licked his sores. The poor man died and was carried by the angels to Abraham’s side. The rich man also died and was buried, and in Hades, being in torment, he lifted up his eyes and saw Abraham far off and Lazarus at his side. And he called out, ‘Father Abraham, have mercy on me, and send Lazarus to dip the end of his finger in water and cool my tongue, for I am in anguish in this flame.’ But Abraham said, ‘Child, remember that you in your lifetime received your good things, and Lazarus in like manner bad things; but now he is comforted here, and you are in anguish. And besides all this, between us and you a great chasm has been fixed, in order that those who would pass from here to you may not be able, and none may cross from there to us.’ And he said, ‘Then I beg you, father, to send him to my father’s house—for I have five brothers—so that he may warn them, lest they also come into this place of torment.’ But Abraham said, ‘They have Moses and the Prophets; let them hear them.’ And he said, ‘No, father Abraham, but if someone goes to them from the dead, they will repent.’ He said to him, ‘If they do not hear Moses and the Prophets, neither will they be convinced if someone should rise from the dead.’”";Luke 16:19–31;2026-01-03 17:27:24.906328+00;2026-01-03 17:27:24.822+00
545607ba-33a6-448c-b6b6-c63a6786822a;Revelation 21:1-7;Then I saw a new heaven and a new earth, for the first heaven and the first earth had passed away, and the sea was no more. And I saw the holy city, new Jerusalem, coming down out of heaven from God, prepared as a bride adorned for her husband. And I heard a loud voice from the throne saying, “Behold, the dwelling place of God is with man. He will dwell with them, and they will be his people, and God himself will be with them as their God. He will wipe away every tear from their eyes, and death shall be no more, neither shall there be mourning, nor crying, nor pain anymore, for the former things have passed away.” And he who was seated on the throne said, “Behold, I am making all things new.” Also he said, “Write this down, for these words are trustworthy and true.” And he said to me, “It is done! I am the Alpha and the Omega, the beginning and the end. To the thirsty I will give from the spring of the water of life without payment. The one who conquers will have this heritage, and I will be his God and he will be my son.;Revelation 21:1–7;2026-01-03 17:37:32.763116+00;2026-01-03 17:37:32.678+00
569ce7b0-23e8-427f-9ae6-2a85546ba2ca;Romans 2:1-16;"Therefore you have no excuse, O man, every one of you who judges. For in passing judgment on another you condemn yourself, because you, the judge, practice the very same things. We know that the judgment of God rightly falls on those who practice such things. Do you suppose, O man—you who judge those who practice such things and yet do them yourself—that you will escape the judgment of God? Or do you presume on the riches of his kindness and forbearance and patience, not knowing that God’s kindness is meant to lead you to repentance? But because of your hard and impenitent heart you are storing up wrath for yourself on the day of wrath when God’s righteous judgment will be revealed. He will render to each one according to his works: to those who by patience in well-doing seek for glory and honor and immortality, he will give eternal life; but for those who are self-seeking and do not obey the truth, but obey unrighteousness, there will be wrath and fury. There will be tribulation and distress for every human being who does evil, the Jew first and also the Greek, but glory and honor and peace for everyone who does good, the Jew first and also the Greek. For God shows no partiality. For all who have sinned without the law will also perish without the law, and all who have sinned under the law will be judged by the law. For it is not the hearers of the law who are righteous before God, but the doers of the law who will be justified. For when Gentiles, who do not have the law, by nature do what the law requires, they are a law to themselves, even though they do not have the law. They show that the work of the law is written on their hearts, while their conscience also bears witness, and their conflicting thoughts accuse or even excuse them on that day when, according to my gospel, God judges the secrets of men by Christ Jesus.";Romans 2:1–16;2026-01-03 17:27:25.426427+00;2026-01-03 17:27:25.331+00
d5c28ecb-6a84-4772-a217-4b43b8b98267;Revelation 19:11-16;Then I saw heaven opened, and behold, a white horse! The one sitting on it is called Faithful and True, and in righteousness he judges and makes war. His eyes are like a flame of fire, and on his head are many diadems, and he has a name written that no one knows but himself. He is clothed in a robe dipped in blood, and the name by which he is called is The Word of God. And the armies of heaven, arrayed in fine linen, white and pure, were following him on white horses. From his mouth comes a sharp sword with which to strike down the nations, and he will rule them with a rod of iron. He will tread the winepress of the fury of the wrath of God the Almighty. On his robe and on his thigh he has a name written, King of kings and Lord of lords.;Revelation 19:11–16;2026-01-03 17:34:43.470761+00;2026-01-03 17:34:43.369+00
4c4b3aaf-fcc4-4e74-bca6-df003f259690;Acts 2:41-47;So those who received his word were baptized, and there were added that day about three thousand souls. And they devoted themselves to the apostles’ teaching and the fellowship, to the breaking of bread and the prayers. And awe came upon every soul, and many wonders and signs were being done through the apostles. And all who believed were together and had all things in common. And they were selling their possessions and belongings and distributing the proceeds to all, as any had need. And day by day, attending the temple together and breaking bread in their homes, they received their food with glad and generous hearts, praising God and having favor with all the people. And the Lord added to their number day by day those who were being saved.;Acts 2:41–47;2026-01-03 17:34:57.172549+00;2026-01-03 17:34:57.084+00
ac54ce5c-29fd-460d-9ec3-c5f9fc935815;1 Corinthians 1:2;To the church of God that is in Corinth, to those sanctified in Christ Jesus, called to be saints together with all those who in every place call upon the name of our Lord Jesus Christ, both their Lord and ours:;1 Corinthians 1:2;2026-01-03 17:34:57.167895+00;2026-01-03 17:34:57.069+00
64842335-fc9d-4b93-8c24-86b4aeead49d;Ephesians 4:7-12;But grace was given to each one of us according to the measure of Christ’s gift. Therefore it says, “When he ascended on high he led a host of captives, and he gave gifts to men.” (In saying, “He ascended,” what does it mean but that he had also descended into the lower regions, the earth? He who descended is the one who also ascended far above all the heavens, that he might fill all things.) And he gave the apostles, the prophets, the evangelists, the shepherds and teachers, to equip the saints for the work of ministry, for building up the body of Christ,;Ephesians 4:7–12;2026-01-03 17:35:01.377992+00;2026-01-03 17:35:01.278+00
a0f36cc8-077b-47c0-996b-bc3cb45288f1;Ezekiel 36:25-27;I will sprinkle clean water on you, and you shall be clean from all your uncleannesses, and from all your idols I will cleanse you. And I will give you a new heart, and a new spirit I will put within you. And I will remove the heart of stone from your flesh and give you a heart of flesh. And I will put my Spirit within you, and cause you to walk in my statutes and be careful to obey my rules.;Ezekiel 36:25–27;2026-01-03 17:35:02.603596+00;2026-01-03 17:35:02.505+00
dad67867-a594-485c-aaab-40310dffefce;Matthew 16:17-18;And Jesus answered him, “Blessed are you, Simon Bar-Jonah! For flesh and blood has not revealed this to you, but my Father who is in heaven. And I tell you, you are Peter, and on this rock I will build my church, and the gates of hell shall not prevail against it.;Matthew 16:17–18;2026-01-03 17:37:00.891367+00;2026-01-03 17:37:00.802+00
0f58a5e0-1207-47bd-a1c0-7d120c89031c;Romans 8:28;And we know that for those who love God all things work together for good, for those who are called according to his purpose.;Romans 8:28;2026-01-03 17:37:07.978725+00;2026-01-03 17:37:07.886+00
f8509b1a-0314-4028-9461-6730abbcfc39;Philippians 4:13;I can do all things through him who strengthens me.;Philippians 4:13;2026-01-03 17:37:08.948482+00;2026-01-03 17:37:08.863+00
049f18cd-c84e-4807-a1d8-4a4f0acbed38;Jeremiah 29:11;For I know the plans I have for you, declares the LORD, plans for welfare and not for evil, to give you a future and a hope.;Jeremiah 29:11;2026-01-03 17:37:10.020652+00;2026-01-03 17:37:09.934+00
85377f2a-5727-436c-8558-f84f6c7c270e;Proverbs 3:5-6;Trust in the LORD with all your heart, and do not lean on your own understanding. In all your ways acknowledge him, and he will make straight your paths.;Proverbs 3:5–6;2026-01-03 17:37:11.082438+00;2026-01-03 17:37:10.98+00
9263c4a1-7439-42e3-8b90-12ed23f5cd50;Malachi 1:14;Cursed be the cheat who has a male in his flock, and vows it, and yet sacrifices to the Lord what is blemished. For I am a great King, says the LORD of hosts, and my name will be feared among the nations.;Malachi 1:14;2026-01-03 17:37:11.996319+00;2026-01-03 17:37:11.903+00
16a04943-0b76-4e55-9c7c-bdcb6ee618e2;Psalm 19:7-8;"The law of the LORD is perfect, reviving the soul; the testimony of the LORD is sure, making wise the simple; the precepts of the LORD are right, rejoicing the heart; the commandment of the LORD is pure, enlightening the eyes;";Psalm 19:7–8;2026-01-03 17:37:13.0502+00;2026-01-03 17:37:12.961+00
f07469e7-e57d-40dc-92d5-5c61c0a18ca5;Joshua 6:10;But Joshua commanded the people, “You shall not shout or make your voice heard, neither shall any word go out of your mouth, until the day I tell you to shout. Then you shall shout.”;Joshua 6:10;2026-01-03 17:37:14.740866+00;2026-01-03 17:37:14.641+00
1a6714c8-5996-4fd1-b77b-e89f4c7f03d5;Revelation 22:1-5;"Then the angel showed me the river of the water of life, bright as crystal, flowing from the throne of God and of the Lamb through the middle of the street of the city; also, on either side of the river, the tree of life with its twelve kinds of fruit, yielding its fruit each month. The leaves of the tree were for the healing of the nations. No longer will there be anything accursed, but the throne of God and of the Lamb will be in it, and his servants will worship him. They will see his face, and his name will be on their foreheads. And night will be no more. They will need no light of lamp or sun, for the Lord God will be their light, and they will reign forever and ever.";Revelation 22:1–5;2026-01-03 17:37:33.667182+00;2026-01-03 17:37:33.581+00